{
  "hash": "a6d18fbb",
  "configHash": "c8b2b5f0",
  "lockfileHash": "7a880e50",
  "browserHash": "1ff63ddc",
  "optimized": {
    "@angular/common/http": {
      "src": "../../../../../node_modules/@angular/common/fesm2022/http.mjs",
      "file": "@angular_common_http.js",
      "fileHash": "5104b2d4",
      "needsInterop": false
    },
    "@angular/core": {
      "src": "../../../../../node_modules/@angular/core/fesm2022/core.mjs",
      "file": "@angular_core.js",
      "fileHash": "0d22cee6",
      "needsInterop": false
    },
    "@angular/forms": {
      "src": "../../../../../node_modules/@angular/forms/fesm2022/forms.mjs",
      "file": "@angular_forms.js",
      "fileHash": "22cda0ba",
      "needsInterop": false
    },
    "@angular/platform-browser": {
      "src": "../../../../../node_modules/@angular/platform-browser/fesm2022/platform-browser.mjs",
      "file": "@angular_platform-browser.js",
      "fileHash": "024ab417",
      "needsInterop": false
    },
    "@angular/router": {
      "src": "../../../../../node_modules/@angular/router/fesm2022/router.mjs",
      "file": "@angular_router.js",
      "fileHash": "a9c8e2b6",
      "needsInterop": false
    }
  },
  "chunks": {
    "chunk-WWEFANKG": {
      "file": "chunk-WWEFANKG.js"
    },
    "chunk-VUFOUAHF": {
      "file": "chunk-VUFOUAHF.js"
    },
    "chunk-VZUOXG3Z": {
      "file": "chunk-VZUOXG3Z.js"
    },
    "chunk-BDK72RLS": {
      "file": "chunk-BDK72RLS.js"
    }
  }
}